,Unnamed: 0,Data Type,Data Transformation,X_train Size,X_test Size,Classifiers,Training Accuracy,Accuracy,Weighted F1,Cohen Kappa,Data Augmentation Methods,GAN,seed
0,0,raw,,"(1044, 44)","(684, 44)",naive,0.5,0.6915,0.8176,0.0,,False,1
1,1,raw,,"(1044, 44)","(684, 44)",MLP,0.7328,0.6594,0.6489,0.3576,,False,1
2,2,raw,,"(1044, 44)","(684, 44)",logisticRegression,0.7308,0.6944,0.6828,0.3861,,False,1
3,3,raw,,"(1044, 44)","(684, 44)",decisionTree,0.7395,0.6813,0.6691,0.359,,False,1
4,4,raw,,"(1044, 44)","(684, 44)",randomForest,0.7634,0.6564,0.6446,0.3395,,False,1
5,5,raw,,"(1044, 44)","(684, 44)",xgb,0.818,0.6827,0.6713,0.3835,,False,1
6,6,pca,,"(1044, 10)","(684, 10)",naive,0.5,0.6915,0.8176,0.0,,False,1
7,7,pca,,"(1044, 10)","(684, 10)",MLP,0.7174,0.6082,0.5955,0.2556,,False,1
8,8,pca,,"(1044, 10)","(684, 10)",logisticRegression,0.7088,0.6316,0.6175,0.2557,,False,1
9,9,pca,,"(1044, 10)","(684, 10)",decisionTree,0.7404,0.6404,0.6266,0.2767,,False,1
10,10,pca,,"(1044, 10)","(684, 10)",randomForest,0.8295,0.6769,0.6658,0.3187,,False,1
11,11,pca,,"(1044, 10)","(684, 10)",xgb,0.7826,0.6754,0.6631,0.3531,,False,1
12,12,umap,,"(1044, 2)","(684, 2)",naive,0.5,0.6915,0.8176,0.0,,False,1
13,13,umap,,"(1044, 2)","(684, 2)",MLP,0.7146,0.4971,0.486,0.0797,,False,1
14,14,umap,,"(1044, 2)","(684, 2)",logisticRegression,0.5105,0.5015,0.4842,0.0416,,False,1
15,15,umap,,"(1044, 2)","(684, 2)",decisionTree,0.7251,0.4708,0.4679,0.0678,,False,1
16,16,umap,,"(1044, 2)","(684, 2)",randomForest,0.75,0.443,0.4648,0.0797,,False,1
17,17,umap,,"(1044, 2)","(684, 2)",xgb,0.7931,0.4342,0.4286,-0.0055,,False,1
18,18,pca_umap,,"(1044, 2)","(684, 2)",naive,0.5,0.6915,0.8176,0.0,,False,1
19,19,pca_umap,,"(1044, 2)","(684, 2)",MLP,0.6916,0.6667,0.6605,0.2521,,False,1
20,20,pca_umap,,"(1044, 2)","(684, 2)",logisticRegression,0.5795,0.6827,0.6728,0.3198,,False,1
21,21,pca_umap,,"(1044, 2)","(684, 2)",decisionTree,0.7672,0.6023,0.5877,0.2213,,False,1
22,22,pca_umap,,"(1044, 2)","(684, 2)",randomForest,0.7902,0.6038,0.5905,0.2432,,False,1
23,23,pca_umap,,"(1044, 2)","(684, 2)",xgb,0.772,0.5789,0.5672,0.215,,False,1
24,24,raw,oneW,"(360, 100)","(226, 100)",naive,0.5,0.6549,0.7914,0.0,,False,1
25,25,raw,oneW,"(360, 100)","(226, 100)",MLP,0.7361,0.6637,0.6554,0.3256,,False,1
26,26,raw,oneW,"(360, 100)","(226, 100)",logisticRegression,0.75,0.6858,0.6781,0.3717,,False,1
27,27,raw,oneW,"(360, 100)","(226, 100)",decisionTree,0.75,0.6903,0.6826,0.3788,,False,1
28,28,raw,oneW,"(360, 100)","(226, 100)",randomForest,0.8833,0.708,0.701,0.4238,,False,1
29,29,raw,oneW,"(360, 100)","(226, 100)",xgb,0.8472,0.6726,0.6645,0.3469,,False,1
30,30,pca,oneW,"(360, 10)","(226, 10)",naive,0.5,0.6549,0.7914,0.0,,False,1
31,31,pca,oneW,"(360, 10)","(226, 10)",MLP,0.8,0.5354,0.5244,0.0858,,False,1
32,32,pca,oneW,"(360, 10)","(226, 10)",logisticRegression,0.7056,0.5088,0.4968,0.0123,,False,1
33,33,pca,oneW,"(360, 10)","(226, 10)",decisionTree,0.625,0.4867,0.4986,0.095,,False,1
34,34,pca,oneW,"(360, 10)","(226, 10)",randomForest,0.7667,0.531,0.5196,0.0696,,False,1
35,35,pca,oneW,"(360, 10)","(226, 10)",xgb,0.8444,0.5265,0.5149,0.0531,,False,1
36,36,umap,oneW,"(360, 2)","(226, 2)",naive,0.5,0.6549,0.7914,0.0,,False,1
37,37,umap,oneW,"(360, 2)","(226, 2)",MLP,0.575,0.4027,0.3921,-0.1385,,False,1
38,38,umap,oneW,"(360, 2)","(226, 2)",logisticRegression,0.5639,0.5133,0.5019,0.0449,,False,1
39,39,umap,oneW,"(360, 2)","(226, 2)",decisionTree,0.7333,0.5487,0.5413,0.0422,,False,1
40,40,umap,oneW,"(360, 2)","(226, 2)",randomForest,0.8111,0.5664,0.5664,0.0407,,False,1
41,41,umap,oneW,"(360, 2)","(226, 2)",xgb,0.7611,0.5575,0.5589,0.0152,,False,1
42,42,pca_umap,oneW,"(360, 2)","(226, 2)",naive,0.5,0.6549,0.7914,0.0,,False,1
43,43,pca_umap,oneW,"(360, 2)","(226, 2)",MLP,0.5917,0.4027,0.3989,-0.1039,,False,1
44,44,pca_umap,oneW,"(360, 2)","(226, 2)",logisticRegression,0.55,0.3717,0.4493,-0.0192,,False,1
45,45,pca_umap,oneW,"(360, 2)","(226, 2)",decisionTree,0.825,0.4558,0.455,0.0043,,False,1
46,46,pca_umap,oneW,"(360, 2)","(226, 2)",randomForest,0.7528,0.4115,0.414,-0.066,,False,1
47,47,pca_umap,oneW,"(360, 2)","(226, 2)",xgb,0.8056,0.531,0.5195,0.0542,,False,1
0,0,raw,,"(2184, 48)","(684, 48)",naive,0.5,0.6915,0.8176,0.0,smote,False,1
1,1,raw,,"(2184, 48)","(684, 48)",MLP,0.842,0.7237,0.7228,0.3566,smote,False,1
2,2,raw,,"(2184, 48)","(684, 48)",logisticRegression,0.7747,0.7178,0.7101,0.3847,smote,False,1
3,3,raw,,"(2184, 48)","(684, 48)",decisionTree,0.794,0.7251,0.7211,0.377,smote,False,1
4,4,raw,,"(2184, 48)","(684, 48)",randomForest,0.8654,0.7208,0.7162,0.3695,smote,False,1
5,5,raw,,"(2184, 48)","(684, 48)",xgb,0.9625,0.7032,0.6999,0.3213,smote,False,1
6,6,raw,,"(6552, 59)","(684, 59)",naive,0.5,0.6915,0.8176,0.0,smote,True,1
7,7,raw,,"(6552, 59)","(684, 59)",MLP,0.9957,0.5673,0.5508,0.1393,smote,True,1
8,8,raw,,"(6552, 59)","(684, 59)",logisticRegression,0.8498,0.3918,0.4591,0.0571,smote,True,1
9,9,raw,,"(6552, 59)","(684, 59)",decisionTree,0.9603,0.6842,0.7744,0.0342,smote,True,1
10,10,raw,,"(6552, 59)","(684, 59)",randomForest,0.9832,0.6681,0.6627,0.2507,smote,True,1
11,11,raw,,"(6552, 59)","(684, 59)",xgb,0.9805,0.6886,0.7587,0.0806,smote,True,1
12,12,raw,,"(1044, 43)","(684, 43)",naive,0.5,0.6915,0.8176,0.0,editNN,False,1
13,13,raw,,"(1044, 43)","(684, 43)",MLP,0.8975,0.6564,0.6462,0.3548,editNN,False,1
14,14,raw,,"(1044, 43)","(684, 43)",logisticRegression,0.8812,0.6491,0.6397,0.3486,editNN,False,1
15,15,raw,,"(1044, 43)","(684, 43)",decisionTree,0.8803,0.6199,0.6136,0.3143,editNN,False,1
16,16,raw,,"(1044, 43)","(684, 43)",randomForest,0.9195,0.6301,0.6229,0.328,editNN,False,1
17,17,raw,,"(1044, 43)","(684, 43)",xgb,0.9818,0.6433,0.6327,0.3308,editNN,False,1
18,18,raw,,"(3132, 54)","(684, 54)",naive,0.5,0.6915,0.8176,0.0,editNN,True,1
19,19,raw,,"(3132, 54)","(684, 54)",MLP,0.9278,0.6316,0.6184,0.2863,editNN,True,1
20,20,raw,,"(3132, 54)","(684, 54)",logisticRegression,0.9221,0.3816,0.42,0.0023,editNN,True,1
21,21,raw,,"(3132, 54)","(684, 54)",decisionTree,0.9748,0.652,0.6689,0.1197,editNN,True,1
22,22,raw,,"(3132, 54)","(684, 54)",randomForest,0.9719,0.6915,0.6854,0.3104,editNN,True,1
23,23,raw,,"(3132, 54)","(684, 54)",xgb,0.9974,0.6608,0.648,0.3269,editNN,True,1
24,24,raw,,"(1044, 44)","(684, 44)",naive,0.5,0.6915,0.8176,0.0,tomkLink,False,1
25,25,raw,,"(1044, 44)","(684, 44)",MLP,0.7672,0.6681,0.6567,0.362,tomkLink,False,1
26,26,raw,,"(1044, 44)","(684, 44)",logisticRegression,0.7567,0.6827,0.671,0.378,tomkLink,False,1
27,27,raw,,"(1044, 44)","(684, 44)",decisionTree,0.7423,0.655,0.6422,0.3243,tomkLink,False,1
28,28,raw,,"(1044, 44)","(684, 44)",randomForest,0.8611,0.6696,0.6579,0.3614,tomkLink,False,1
29,29,raw,,"(1044, 44)","(684, 44)",xgb,0.8276,0.6681,0.6563,0.3578,tomkLink,False,1
30,30,raw,,"(3132, 52)","(684, 52)",naive,0.5,0.6915,0.8176,0.0,tomkLink,True,1
31,31,raw,,"(3132, 52)","(684, 52)",MLP,0.8365,0.7266,0.7295,0.3463,tomkLink,True,1
32,32,raw,,"(3132, 52)","(684, 52)",logisticRegression,0.8324,0.7091,0.7478,0.1968,tomkLink,True,1
33,33,raw,,"(3132, 52)","(684, 52)",decisionTree,0.9569,0.6725,0.6697,0.2463,tomkLink,True,1
34,34,raw,,"(3132, 52)","(684, 52)",randomForest,0.9566,0.614,0.601,0.262,tomkLink,True,1
35,35,raw,,"(3132, 52)","(684, 52)",xgb,0.9815,0.6842,0.6798,0.2824,tomkLink,True,1
36,36,raw,,"(1058, 48)","(684, 48)",naive,0.5,0.6915,0.8176,0.0,smoteNN,False,1
37,37,raw,,"(1058, 48)","(684, 48)",MLP,0.9376,0.6652,0.653,0.3479,smoteNN,False,1
38,38,raw,,"(1058, 48)","(684, 48)",logisticRegression,0.9272,0.6667,0.6544,0.3472,smoteNN,False,1
39,39,raw,,"(1058, 48)","(684, 48)",decisionTree,0.9603,0.6433,0.6297,0.2825,smoteNN,False,1
40,40,raw,,"(1058, 48)","(684, 48)",randomForest,0.9461,0.6389,0.6287,0.3261,smoteNN,False,1
41,41,raw,,"(1058, 48)","(684, 48)",xgb,0.9991,0.674,0.6617,0.3552,smoteNN,False,1
42,42,raw,,"(3174, 57)","(684, 57)",naive,0.5,0.6915,0.8176,0.0,smoteNN,True,1
43,43,raw,,"(3174, 57)","(684, 57)",MLP,0.994,0.693,0.8145,0.0101,smoteNN,True,1
44,44,raw,,"(3174, 57)","(684, 57)",logisticRegression,0.9521,0.4883,0.4707,0.0173,smoteNN,True,1
45,45,raw,,"(3174, 57)","(684, 57)",decisionTree,0.9842,0.6725,0.6639,0.2832,smoteNN,True,1
46,46,raw,,"(3174, 57)","(684, 57)",randomForest,0.9846,0.6857,0.7598,0.0658,smoteNN,True,1
47,47,raw,,"(3174, 57)","(684, 57)",xgb,1.0,0.6827,0.7216,0.1322,smoteNN,True,1
48,48,raw,,"(2082, 48)","(684, 48)",naive,0.5,0.6915,0.8176,0.0,smoteTomek,False,1
49,49,raw,,"(2082, 48)","(684, 48)",MLP,0.8948,0.7018,0.7156,0.2476,smoteTomek,False,1
50,50,raw,,"(2082, 48)","(684, 48)",logisticRegression,0.7829,0.7237,0.7169,0.3915,smoteTomek,False,1
51,51,raw,,"(2082, 48)","(684, 48)",decisionTree,0.8338,0.7047,0.7018,0.322,smoteTomek,False,1
52,52,raw,,"(2082, 48)","(684, 48)",randomForest,0.9289,0.7135,0.7086,0.3538,smoteTomek,False,1
53,53,raw,,"(2082, 48)","(684, 48)",xgb,0.9649,0.6974,0.694,0.3079,smoteTomek,False,1
54,54,raw,,"(6246, 52)","(684, 52)",naive,0.5,0.6915,0.8176,0.0,smoteTomek,True,1
55,55,raw,,"(6246, 52)","(684, 52)",MLP,0.9533,0.6959,0.8017,0.0403,smoteTomek,True,1
56,56,raw,,"(6246, 52)","(684, 52)",logisticRegression,0.8575,0.3114,0.4712,0.0026,smoteTomek,True,1
57,57,raw,,"(6246, 52)","(684, 52)",decisionTree,0.9673,0.6696,0.6719,0.2153,smoteTomek,True,1
58,58,raw,,"(6246, 52)","(684, 52)",randomForest,0.9872,0.6257,0.6161,0.1788,smoteTomek,True,1
59,59,raw,,"(6246, 52)","(684, 52)",xgb,0.9821,0.636,0.6224,0.2847,smoteTomek,True,1
60,60,raw,oneW,"(638, 100)","(226, 100)",naive,0.5,0.6549,0.7914,0.0,smote,False,1
61,61,raw,oneW,"(638, 100)","(226, 100)",MLP,0.9624,0.677,0.6808,0.2699,smote,False,1
62,62,raw,oneW,"(638, 100)","(226, 100)",logisticRegression,0.768,0.6947,0.6872,0.3927,smote,False,1
63,63,raw,oneW,"(638, 100)","(226, 100)",decisionTree,0.7633,0.6903,0.6826,0.3788,smote,False,1
64,64,raw,oneW,"(638, 100)","(226, 100)",randomForest,0.9608,0.6991,0.6921,0.383,smote,False,1
65,65,raw,oneW,"(638, 100)","(226, 100)",xgb,1.0,0.7389,0.7354,0.4411,smote,False,1
66,66,raw,oneW,"(1914, 10)","(226, 10)",naive,0.5,0.6549,0.7914,0.0,smote,True,1
67,67,raw,oneW,"(1914, 10)","(226, 10)",MLP,0.7712,0.5664,0.6193,-0.0993,smote,True,1
68,68,raw,oneW,"(1914, 10)","(226, 10)",logisticRegression,0.7398,0.4602,0.4925,0.0836,smote,True,1
69,69,raw,oneW,"(1914, 10)","(226, 10)",decisionTree,0.9394,0.5265,0.5152,0.0373,smote,True,1
70,70,raw,oneW,"(1914, 10)","(226, 10)",randomForest,0.9749,0.6416,0.7566,-0.0104,smote,True,1
71,71,raw,oneW,"(1914, 10)","(226, 10)",xgb,0.9916,0.6416,0.7566,-0.0104,smote,True,1
72,72,raw,oneW,"(192, 100)","(226, 100)",naive,0.5,0.6549,0.7914,0.0,editNN,False,1
73,73,raw,oneW,"(192, 100)","(226, 100)",MLP,0.8646,0.6947,0.6882,0.365,editNN,False,1
74,74,raw,oneW,"(192, 100)","(226, 100)",logisticRegression,0.8542,0.646,0.6374,0.2978,editNN,False,1
75,75,raw,oneW,"(192, 100)","(226, 100)",decisionTree,0.8438,0.646,0.638,0.27,editNN,False,1
76,76,raw,oneW,"(192, 100)","(226, 100)",randomForest,0.9479,0.6947,0.6889,0.415,editNN,False,1
77,77,raw,oneW,"(192, 100)","(226, 100)",xgb,1.0,0.6991,0.6918,0.4031,editNN,False,1
78,78,raw,oneW,"(576, 13)","(226, 13)",naive,0.5,0.6549,0.7914,0.0,editNN,True,1
79,79,raw,oneW,"(576, 13)","(226, 13)",MLP,0.75,0.5929,0.61,0.0413,editNN,True,1
80,80,raw,oneW,"(576, 13)","(226, 13)",logisticRegression,0.7587,0.3805,0.4823,0.017,editNN,True,1
81,81,raw,oneW,"(576, 13)","(226, 13)",decisionTree,0.9375,0.5664,0.5593,0.0798,editNN,True,1
82,82,raw,oneW,"(576, 13)","(226, 13)",randomForest,0.9444,0.6239,0.6223,0.1755,editNN,True,1
83,83,raw,oneW,"(576, 13)","(226, 13)",xgb,1.0,0.5752,0.569,0.0933,editNN,True,1
84,84,raw,oneW,"(360, 100)","(226, 100)",naive,0.5,0.6549,0.7914,0.0,tomkLink,False,1
85,85,raw,oneW,"(360, 100)","(226, 100)",MLP,0.8833,0.6903,0.6842,0.405,tomkLink,False,1
86,86,raw,oneW,"(360, 100)","(226, 100)",logisticRegression,0.7472,0.646,0.6419,0.3374,tomkLink,False,1
87,87,raw,oneW,"(360, 100)","(226, 100)",decisionTree,0.7167,0.6327,0.6296,0.3178,tomkLink,False,1
88,88,raw,oneW,"(360, 100)","(226, 100)",randomForest,0.8444,0.6947,0.6875,0.3993,tomkLink,False,1
89,89,raw,oneW,"(360, 100)","(226, 100)",xgb,1.0,0.7212,0.7144,0.4425,tomkLink,False,1
90,90,raw,oneW,"(1080, 11)","(226, 11)",naive,0.5,0.6549,0.7914,0.0,tomkLink,True,1
91,91,raw,oneW,"(1080, 11)","(226, 11)",MLP,0.7861,0.5354,0.5489,-0.0768,tomkLink,True,1
92,92,raw,oneW,"(1080, 11)","(226, 11)",logisticRegression,0.763,0.6372,0.6452,0.167,tomkLink,True,1
93,93,raw,oneW,"(1080, 11)","(226, 11)",decisionTree,0.9333,0.6593,0.6609,0.2394,tomkLink,True,1
94,94,raw,oneW,"(1080, 11)","(226, 11)",randomForest,0.9389,0.5664,0.5651,0.0465,tomkLink,True,1
95,95,raw,oneW,"(1080, 11)","(226, 11)",xgb,0.9944,0.5841,0.5829,0.0854,tomkLink,True,1
96,96,raw,oneW,"(166, 100)","(226, 100)",naive,0.5,0.6549,0.7914,0.0,smoteNN,False,1
97,97,raw,oneW,"(166, 100)","(226, 100)",MLP,0.9518,0.6504,0.645,0.256,smoteNN,False,1
98,98,raw,oneW,"(166, 100)","(226, 100)",logisticRegression,0.9518,0.6991,0.6942,0.3615,smoteNN,False,1
99,99,raw,oneW,"(166, 100)","(226, 100)",decisionTree,0.9036,0.6637,0.6637,0.2561,smoteNN,False,1
100,100,raw,oneW,"(166, 100)","(226, 100)",randomForest,0.9819,0.6903,0.6864,0.335,smoteNN,False,1
101,101,raw,oneW,"(166, 100)","(226, 100)",xgb,1.0,0.6903,0.6864,0.335,smoteNN,False,1
102,102,raw,oneW,"(498, 9)","(226, 9)",naive,0.5,0.6549,0.7914,0.0,smoteNN,True,1
103,103,raw,oneW,"(498, 9)","(226, 9)",MLP,0.8092,0.5133,0.5176,0.1249,smoteNN,True,1
104,104,raw,oneW,"(498, 9)","(226, 9)",logisticRegression,0.7851,0.4735,0.4827,0.0648,smoteNN,True,1
105,105,raw,oneW,"(498, 9)","(226, 9)",decisionTree,0.9518,0.4071,0.4598,0.0164,smoteNN,True,1
106,106,raw,oneW,"(498, 9)","(226, 9)",randomForest,0.988,0.5177,0.5158,0.1132,smoteNN,True,1
107,107,raw,oneW,"(498, 9)","(226, 9)",xgb,1.0,0.4602,0.4686,0.0389,smoteNN,True,1
108,108,raw,oneW,"(552, 100)","(226, 100)",naive,0.5,0.6549,0.7914,0.0,smoteTomek,False,1
109,109,raw,oneW,"(552, 100)","(226, 100)",MLP,0.9348,0.708,0.712,0.3379,smoteTomek,False,1
110,110,raw,oneW,"(552, 100)","(226, 100)",logisticRegression,0.7862,0.6903,0.6827,0.3856,smoteTomek,False,1
111,111,raw,oneW,"(552, 100)","(226, 100)",decisionTree,0.9239,0.6991,0.6921,0.383,smoteTomek,False,1
112,112,raw,oneW,"(552, 100)","(226, 100)",randomForest,0.9601,0.7301,0.7251,0.4322,smoteTomek,False,1
113,113,raw,oneW,"(552, 100)","(226, 100)",xgb,1.0,0.7257,0.7212,0.4178,smoteTomek,False,1
114,114,raw,oneW,"(1656, 10)","(226, 10)",naive,0.5,0.6549,0.7914,0.0,smoteTomek,True,1
115,115,raw,oneW,"(1656, 10)","(226, 10)",MLP,0.7283,0.3673,0.4478,-0.0241,smoteTomek,True,1
116,116,raw,oneW,"(1656, 10)","(226, 10)",logisticRegression,0.7319,0.4823,0.4714,-0.0767,smoteTomek,True,1
117,117,raw,oneW,"(1656, 10)","(226, 10)",decisionTree,0.9529,0.6239,0.7308,-0.0441,smoteTomek,True,1
118,118,raw,oneW,"(1656, 10)","(226, 10)",randomForest,0.9819,0.3761,0.493,0.0207,smoteTomek,True,1
119,119,raw,oneW,"(1656, 10)","(226, 10)",xgb,0.9988,0.3451,0.5055,-0.0042,smoteTomek,True,1
120,120,pca,,"(2184, 10)","(684, 10)",naive,0.5,0.6915,0.8176,0.0,smote,False,1
121,121,pca,,"(2184, 10)","(684, 10)",MLP,0.8091,0.6857,0.6797,0.2956,smote,False,1
122,122,pca,,"(2184, 10)","(684, 10)",logisticRegression,0.7276,0.655,0.642,0.3168,smote,False,1
123,123,pca,,"(2184, 10)","(684, 10)",decisionTree,0.826,0.655,0.6569,0.1827,smote,False,1
124,124,pca,,"(2184, 10)","(684, 10)",randomForest,0.929,0.6798,0.6705,0.3069,smote,False,1
125,125,pca,,"(2184, 10)","(684, 10)",xgb,0.9538,0.6652,0.6594,0.246,smote,False,1
126,126,pca,,"(6552, 10)","(684, 10)",naive,0.5,0.6915,0.8176,0.0,smote,True,1
127,127,pca,,"(6552, 10)","(684, 10)",MLP,0.9838,0.5205,0.5238,-0.1389,smote,True,1
128,128,pca,,"(6552, 10)","(684, 10)",logisticRegression,0.8187,0.4576,0.4409,-0.0229,smote,True,1
129,129,pca,,"(6552, 10)","(684, 10)",decisionTree,0.9704,0.5643,0.5494,0.0802,smote,True,1
130,130,pca,,"(6552, 10)","(684, 10)",randomForest,0.9966,0.5585,0.5523,-0.0033,smote,True,1
131,131,pca,,"(6552, 10)","(684, 10)",xgb,0.975,0.5526,0.5488,-0.0297,smote,True,1
132,132,pca,,"(1044, 10)","(684, 10)",naive,0.5,0.6915,0.8176,0.0,editNN,False,1
133,133,pca,,"(1044, 10)","(684, 10)",MLP,0.8841,0.5351,0.5174,0.0712,editNN,False,1
134,134,pca,,"(1044, 10)","(684, 10)",logisticRegression,0.8688,0.5424,0.525,0.0765,editNN,False,1
135,135,pca,,"(1044, 10)","(684, 10)",decisionTree,0.886,0.5088,0.4933,0.0706,editNN,False,1
136,136,pca,,"(1044, 10)","(684, 10)",randomForest,0.9377,0.5234,0.5059,0.0687,editNN,False,1
137,137,pca,,"(1044, 10)","(684, 10)",xgb,0.9138,0.4942,0.4792,0.051,editNN,False,1
138,138,pca,,"(3132, 10)","(684, 10)",naive,0.5,0.6915,0.8176,0.0,editNN,True,1
139,139,pca,,"(3132, 10)","(684, 10)",MLP,0.9406,0.6491,0.6361,0.2764,editNN,True,1
140,140,pca,,"(3132, 10)","(684, 10)",logisticRegression,0.9112,0.6199,0.6062,0.2621,editNN,True,1
141,141,pca,,"(3132, 10)","(684, 10)",decisionTree,0.9812,0.5936,0.5822,0.2423,editNN,True,1
142,142,pca,,"(3132, 10)","(684, 10)",randomForest,0.985,0.6067,0.5959,0.2676,editNN,True,1
143,143,pca,,"(3132, 10)","(684, 10)",xgb,0.999,0.6053,0.5952,0.2702,editNN,True,1
144,144,pca,,"(1044, 10)","(684, 10)",naive,0.5,0.6915,0.8176,0.0,tomkLink,False,1
145,145,pca,,"(1044, 10)","(684, 10)",MLP,0.7433,0.5965,0.5895,0.2706,tomkLink,False,1
146,146,pca,,"(1044, 10)","(684, 10)",logisticRegression,0.7481,0.6447,0.6312,0.2895,tomkLink,False,1
147,147,pca,,"(1044, 10)","(684, 10)",decisionTree,0.7615,0.6696,0.6572,0.3487,tomkLink,False,1
148,148,pca,,"(1044, 10)","(684, 10)",randomForest,0.795,0.6652,0.6527,0.3407,tomkLink,False,1
149,149,pca,,"(1044, 10)","(684, 10)",xgb,0.8199,0.6433,0.6304,0.3075,tomkLink,False,1
150,150,pca,,"(3132, 10)","(684, 10)",naive,0.5,0.6915,0.8176,0.0,tomkLink,True,1
151,151,pca,,"(3132, 10)","(684, 10)",MLP,0.9812,0.5015,0.4831,-0.0317,tomkLink,True,1
152,152,pca,,"(3132, 10)","(684, 10)",logisticRegression,0.8177,0.4137,0.3937,-0.1246,tomkLink,True,1
153,153,pca,,"(3132, 10)","(684, 10)",decisionTree,0.9572,0.557,0.5464,0.022,tomkLink,True,1
154,154,pca,,"(3132, 10)","(684, 10)",randomForest,0.9879,0.557,0.5419,0.0637,tomkLink,True,1
155,155,pca,,"(3132, 10)","(684, 10)",xgb,0.9885,0.5029,0.4857,-0.0469,tomkLink,True,1
156,156,pca,,"(1058, 10)","(684, 10)",naive,0.5,0.6915,0.8176,0.0,smoteNN,False,1
157,157,pca,,"(1058, 10)","(684, 10)",MLP,0.9603,0.4576,0.4376,-0.1225,smoteNN,False,1
158,158,pca,,"(1058, 10)","(684, 10)",logisticRegression,0.9093,0.4678,0.4479,-0.0925,smoteNN,False,1
159,159,pca,,"(1058, 10)","(684, 10)",decisionTree,0.9603,0.4898,0.4869,-0.182,smoteNN,False,1
160,160,pca,,"(1058, 10)","(684, 10)",randomForest,0.9584,0.4678,0.451,-0.1396,smoteNN,False,1
161,161,pca,,"(1058, 10)","(684, 10)",xgb,0.9943,0.4795,0.4718,-0.1797,smoteNN,False,1
162,162,pca,,"(3174, 10)","(684, 10)",naive,0.5,0.6915,0.8176,0.0,smoteNN,True,1
163,163,pca,,"(3174, 10)","(684, 10)",MLP,0.9984,0.6608,0.6882,0.1091,smoteNN,True,1
164,164,pca,,"(3174, 10)","(684, 10)",logisticRegression,0.9373,0.5088,0.4905,0.0338,smoteNN,True,1
165,165,pca,,"(3174, 10)","(684, 10)",decisionTree,0.983,0.6272,0.617,0.187,smoteNN,True,1
166,166,pca,,"(3174, 10)","(684, 10)",randomForest,0.9943,0.5936,0.5831,0.1082,smoteNN,True,1
167,167,pca,,"(3174, 10)","(684, 10)",xgb,0.9997,0.6243,0.6168,0.1601,smoteNN,True,1
168,168,pca,,"(2082, 10)","(684, 10)",naive,0.5,0.6915,0.8176,0.0,smoteTomek,False,1
169,169,pca,,"(2082, 10)","(684, 10)",MLP,0.8319,0.6681,0.6602,0.2673,smoteTomek,False,1
170,170,pca,,"(2082, 10)","(684, 10)",logisticRegression,0.7354,0.6594,0.6468,0.3336,smoteTomek,False,1
171,171,pca,,"(2082, 10)","(684, 10)",decisionTree,0.7829,0.6564,0.6434,0.3175,smoteTomek,False,1
172,172,pca,,"(2082, 10)","(684, 10)",randomForest,0.9332,0.6886,0.6787,0.3339,smoteTomek,False,1
173,173,pca,,"(2082, 10)","(684, 10)",xgb,0.95,0.6711,0.6622,0.2809,smoteTomek,False,1
174,174,pca,,"(6246, 10)","(684, 10)",naive,0.5,0.6915,0.8176,0.0,smoteTomek,True,1
175,175,pca,,"(6246, 10)","(684, 10)",MLP,0.9869,0.5877,0.6002,-0.0171,smoteTomek,True,1
176,176,pca,,"(6246, 10)","(684, 10)",logisticRegression,0.806,0.5015,0.4829,-0.027,smoteTomek,True,1
177,177,pca,,"(6246, 10)","(684, 10)",decisionTree,0.9721,0.5307,0.5402,-0.1404,smoteTomek,True,1
178,178,pca,,"(6246, 10)","(684, 10)",randomForest,0.9968,0.5512,0.5566,-0.076,smoteTomek,True,1
179,179,pca,,"(6246, 10)","(684, 10)",xgb,0.9734,0.5468,0.5462,-0.0595,smoteTomek,True,1
180,180,pca,oneW,"(638, 10)","(226, 10)",naive,0.5,0.6549,0.7914,0.0,smote,False,1
181,181,pca,oneW,"(638, 10)","(226, 10)",MLP,0.8589,0.5796,0.5703,0.1307,smote,False,1
182,182,pca,oneW,"(638, 10)","(226, 10)",logisticRegression,0.7085,0.5221,0.5104,0.0416,smote,False,1
183,183,pca,oneW,"(638, 10)","(226, 10)",decisionTree,0.9028,0.5929,0.5929,0.0994,smote,False,1
184,184,pca,oneW,"(638, 10)","(226, 10)",randomForest,0.9373,0.5664,0.5586,0.0851,smote,False,1
185,185,pca,oneW,"(638, 10)","(226, 10)",xgb,0.989,0.5575,0.5496,0.0664,smote,False,1
186,186,pca,oneW,"(1914, 10)","(226, 10)",naive,0.5,0.6549,0.7914,0.0,smote,True,1
187,187,pca,oneW,"(1914, 10)","(226, 10)",MLP,0.7701,0.4425,0.4379,-0.2113,smote,True,1
188,188,pca,oneW,"(1914, 10)","(226, 10)",logisticRegression,0.7482,0.4956,0.4842,-0.0402,smote,True,1
189,189,pca,oneW,"(1914, 10)","(226, 10)",decisionTree,0.9592,0.5088,0.4972,0.0336,smote,True,1
190,190,pca,oneW,"(1914, 10)","(226, 10)",randomForest,0.9958,0.5265,0.5305,-0.0635,smote,True,1
191,191,pca,oneW,"(1914, 10)","(226, 10)",xgb,0.9958,0.4823,0.4905,-0.1774,smote,True,1
192,192,pca,oneW,"(192, 10)","(226, 10)",naive,0.5,0.6549,0.7914,0.0,editNN,False,1
193,193,pca,oneW,"(192, 10)","(226, 10)",MLP,0.7865,0.3982,0.3835,-0.2002,editNN,False,1
194,194,pca,oneW,"(192, 10)","(226, 10)",logisticRegression,0.7604,0.3717,0.3564,-0.2741,editNN,False,1
195,195,pca,oneW,"(192, 10)","(226, 10)",decisionTree,0.9062,0.4204,0.4062,-0.1721,editNN,False,1
196,196,pca,oneW,"(192, 10)","(226, 10)",randomForest,0.9271,0.4115,0.397,-0.177,editNN,False,1
197,197,pca,oneW,"(192, 10)","(226, 10)",xgb,0.9115,0.3805,0.3655,-0.2562,editNN,False,1
198,198,pca,oneW,"(576, 9)","(226, 9)",naive,0.5,0.6549,0.7914,0.0,editNN,True,1
199,199,pca,oneW,"(576, 9)","(226, 9)",MLP,0.8003,0.5796,0.5703,0.1307,editNN,True,1
200,200,pca,oneW,"(576, 9)","(226, 9)",logisticRegression,0.7535,0.5398,0.5287,0.0669,editNN,True,1
201,201,pca,oneW,"(576, 9)","(226, 9)",decisionTree,0.9531,0.469,0.4903,0.0815,editNN,True,1
202,202,pca,oneW,"(576, 9)","(226, 9)",randomForest,0.9861,0.5,0.5053,0.1032,editNN,True,1
203,203,pca,oneW,"(576, 9)","(226, 9)",xgb,1.0,0.4912,0.4982,0.0918,editNN,True,1
204,204,pca,oneW,"(360, 10)","(226, 10)",naive,0.5,0.6549,0.7914,0.0,tomkLink,False,1
205,205,pca,oneW,"(360, 10)","(226, 10)",MLP,0.7194,0.5221,0.5127,0.082,tomkLink,False,1
206,206,pca,oneW,"(360, 10)","(226, 10)",logisticRegression,0.6889,0.5398,0.5285,0.0822,tomkLink,False,1
207,207,pca,oneW,"(360, 10)","(226, 10)",decisionTree,0.8722,0.5265,0.515,0.0583,tomkLink,False,1
208,208,pca,oneW,"(360, 10)","(226, 10)",randomForest,0.85,0.5442,0.5335,0.1032,tomkLink,False,1
209,209,pca,oneW,"(360, 10)","(226, 10)",xgb,0.8944,0.531,0.5217,0.099,tomkLink,False,1
210,210,pca,oneW,"(1080, 10)","(226, 10)",naive,0.5,0.6549,0.7914,0.0,tomkLink,True,1
211,211,pca,oneW,"(1080, 10)","(226, 10)",MLP,0.775,0.4513,0.4412,-0.0485,tomkLink,True,1
212,212,pca,oneW,"(1080, 10)","(226, 10)",logisticRegression,0.7213,0.4735,0.4607,-0.0417,tomkLink,True,1
213,213,pca,oneW,"(1080, 10)","(226, 10)",decisionTree,0.9657,0.5044,0.5133,-0.1306,tomkLink,True,1
214,214,pca,oneW,"(1080, 10)","(226, 10)",randomForest,0.9944,0.4867,0.4745,-0.0466,tomkLink,True,1
215,215,pca,oneW,"(1080, 10)","(226, 10)",xgb,1.0,0.4823,0.4698,-0.0527,tomkLink,True,1
216,216,pca,oneW,"(166, 10)","(226, 10)",naive,0.5,0.6549,0.7914,0.0,smoteNN,False,1
217,217,pca,oneW,"(166, 10)","(226, 10)",MLP,0.8193,0.5929,0.5834,0.2012,smoteNN,False,1
218,218,pca,oneW,"(166, 10)","(226, 10)",logisticRegression,0.7289,0.615,0.6062,0.2084,smoteNN,False,1
219,219,pca,oneW,"(166, 10)","(226, 10)",decisionTree,0.8855,0.5929,0.585,0.146,smoteNN,False,1
220,220,pca,oneW,"(166, 10)","(226, 10)",randomForest,0.9759,0.5973,0.5881,0.172,smoteNN,False,1
221,221,pca,oneW,"(166, 10)","(226, 10)",xgb,1.0,0.6062,0.5988,0.1715,smoteNN,False,1
222,222,pca,oneW,"(498, 9)","(226, 9)",naive,0.5,0.6549,0.7914,0.0,smoteNN,True,1
223,223,pca,oneW,"(498, 9)","(226, 9)",MLP,0.8594,0.4779,0.466,-0.0191,smoteNN,True,1
224,224,pca,oneW,"(498, 9)","(226, 9)",logisticRegression,0.7871,0.4823,0.4718,0.0029,smoteNN,True,1
225,225,pca,oneW,"(498, 9)","(226, 9)",decisionTree,0.992,0.4823,0.4714,-0.0767,smoteNN,True,1
226,226,pca,oneW,"(498, 9)","(226, 9)",randomForest,0.996,0.4912,0.4817,-0.0705,smoteNN,True,1
227,227,pca,oneW,"(498, 9)","(226, 9)",xgb,1.0,0.5,0.4923,-0.0642,smoteNN,True,1
228,228,pca,oneW,"(552, 10)","(226, 10)",naive,0.5,0.6549,0.7914,0.0,smoteTomek,False,1
229,229,pca,oneW,"(552, 10)","(226, 10)",MLP,0.7609,0.4823,0.4696,-0.0411,smoteTomek,False,1
230,230,pca,oneW,"(552, 10)","(226, 10)",logisticRegression,0.7409,0.4336,0.4197,-0.1359,smoteTomek,False,1
231,231,pca,oneW,"(552, 10)","(226, 10)",decisionTree,0.8406,0.5221,0.5221,-0.0572,smoteTomek,False,1
232,232,pca,oneW,"(552, 10)","(226, 10)",randomForest,0.9402,0.5265,0.5201,-0.0136,smoteTomek,False,1
233,233,pca,oneW,"(552, 10)","(226, 10)",xgb,1.0,0.5044,0.4992,-0.0704,smoteTomek,False,1
234,234,pca,oneW,"(1656, 10)","(226, 10)",naive,0.5,0.6549,0.7914,0.0,smoteTomek,True,1
235,235,pca,oneW,"(1656, 10)","(226, 10)",MLP,0.808,0.5133,0.5148,-0.0833,smoteTomek,True,1
236,236,pca,oneW,"(1656, 10)","(226, 10)",logisticRegression,0.7337,0.4248,0.4122,-0.1168,smoteTomek,True,1
237,237,pca,oneW,"(1656, 10)","(226, 10)",decisionTree,0.9704,0.5398,0.5428,-0.0305,smoteTomek,True,1
238,238,pca,oneW,"(1656, 10)","(226, 10)",randomForest,0.9958,0.4867,0.4883,-0.1424,smoteTomek,True,1
239,239,pca,oneW,"(1656, 10)","(226, 10)",xgb,1.0,0.4823,0.4743,-0.1018,smoteTomek,True,1
240,240,umap,,"(2184, 2)","(684, 2)",naive,0.5,0.6915,0.8176,0.0,smote,False,1
241,241,umap,,"(2184, 2)","(684, 2)",MLP,0.6964,0.6608,0.7577,-0.0374,smote,False,1
242,242,umap,,"(2184, 2)","(684, 2)",logisticRegression,0.6016,0.5292,0.5434,-0.1613,smote,False,1
243,243,umap,,"(2184, 2)","(684, 2)",decisionTree,0.8292,0.655,0.7153,0.0156,smote,False,1
244,244,umap,,"(2184, 2)","(684, 2)",randomForest,0.8654,0.6579,0.7322,-0.005,smote,False,1
245,245,umap,,"(2184, 2)","(684, 2)",xgb,0.8255,0.6798,0.7502,0.0579,smote,False,1
246,246,umap,,"(6552, 2)","(684, 2)",naive,0.5,0.6915,0.8176,0.0,smote,True,1
247,247,umap,,"(6552, 2)","(684, 2)",MLP,0.8175,0.4459,0.4462,0.0345,smote,True,1
248,248,umap,,"(6552, 2)","(684, 2)",logisticRegression,0.7312,0.4079,0.3969,-0.0736,smote,True,1
249,249,umap,,"(6552, 2)","(684, 2)",decisionTree,0.9434,0.4737,0.4543,-0.088,smote,True,1
250,250,umap,,"(6552, 2)","(684, 2)",randomForest,0.9443,0.4298,0.4318,0.0113,smote,True,1
251,251,umap,,"(6552, 2)","(684, 2)",xgb,0.8919,0.4898,0.4735,0.0336,smote,True,1
252,252,umap,,"(1044, 2)","(684, 2)",naive,0.5,0.6915,0.8176,0.0,editNN,False,1
253,253,umap,,"(1044, 2)","(684, 2)",MLP,0.8429,0.3596,0.405,-0.0248,editNN,False,1
254,254,umap,,"(1044, 2)","(684, 2)",logisticRegression,0.7893,0.3012,0.3162,-0.1797,editNN,False,1
255,255,umap,,"(1044, 2)","(684, 2)",decisionTree,0.8831,0.3289,0.3488,-0.1211,editNN,False,1
256,256,umap,,"(1044, 2)","(684, 2)",randomForest,0.8966,0.3333,0.3741,-0.0765,editNN,False,1
257,257,umap,,"(1044, 2)","(684, 2)",xgb,0.8946,0.3567,0.3645,-0.1004,editNN,False,1
258,258,umap,,"(3132, 2)","(684, 2)",naive,0.5,0.6915,0.8176,0.0,editNN,True,1
259,259,umap,,"(3132, 2)","(684, 2)",MLP,0.9103,0.4766,0.4631,-0.1484,editNN,True,1
260,260,umap,,"(3132, 2)","(684, 2)",logisticRegression,0.7072,0.5614,0.5944,-0.1453,editNN,True,1
261,261,umap,,"(3132, 2)","(684, 2)",decisionTree,0.9595,0.674,0.7661,0.0046,editNN,True,1
262,262,umap,,"(3132, 2)","(684, 2)",randomForest,0.9579,0.576,0.5865,-0.0373,editNN,True,1
263,263,umap,,"(3132, 2)","(684, 2)",xgb,0.9492,0.4766,0.4631,-0.1484,editNN,True,1
264,264,umap,,"(1044, 2)","(684, 2)",naive,0.5,0.6915,0.8176,0.0,tomkLink,False,1
265,265,umap,,"(1044, 2)","(684, 2)",MLP,0.7174,0.3991,0.4399,0.0358,tomkLink,False,1
266,266,umap,,"(1044, 2)","(684, 2)",logisticRegression,0.636,0.4795,0.4658,-0.1392,tomkLink,False,1
267,267,umap,,"(1044, 2)","(684, 2)",decisionTree,0.7807,0.4547,0.4364,-0.0416,tomkLink,False,1
268,268,umap,,"(1044, 2)","(684, 2)",randomForest,0.7979,0.4547,0.4362,-0.0439,tomkLink,False,1
269,269,umap,,"(1044, 2)","(684, 2)",xgb,0.7835,0.5132,0.4946,0.0219,tomkLink,False,1
270,270,umap,,"(3132, 2)","(684, 2)",naive,0.5,0.6915,0.8176,0.0,tomkLink,True,1
271,271,umap,,"(3132, 2)","(684, 2)",MLP,0.8225,0.3816,0.3664,-0.1398,tomkLink,True,1
272,272,umap,,"(3132, 2)","(684, 2)",logisticRegression,0.7334,0.4371,0.4338,0.0076,tomkLink,True,1
273,273,umap,,"(3132, 2)","(684, 2)",decisionTree,0.9205,0.5102,0.4959,-0.0603,tomkLink,True,1
274,274,umap,,"(3132, 2)","(684, 2)",randomForest,0.9253,0.4605,0.4421,-0.0349,tomkLink,True,1
275,275,umap,,"(3132, 2)","(684, 2)",xgb,0.8972,0.4386,0.4184,-0.1713,tomkLink,True,1
276,276,umap,,"(1058, 2)","(684, 2)",naive,0.5,0.6915,0.8176,0.0,smoteNN,False,1
277,277,umap,,"(1058, 2)","(684, 2)",MLP,0.9064,0.6067,0.6781,-0.1275,smoteNN,False,1
278,278,umap,,"(1058, 2)","(684, 2)",logisticRegression,0.6635,0.5205,0.5282,-0.1574,smoteNN,False,1
279,279,umap,,"(1058, 2)","(684, 2)",decisionTree,0.9386,0.595,0.6419,-0.1009,smoteNN,False,1
280,280,umap,,"(1058, 2)","(684, 2)",randomForest,0.9376,0.5716,0.6105,-0.1368,smoteNN,False,1
281,281,umap,,"(1058, 2)","(684, 2)",xgb,0.9518,0.5863,0.6288,-0.1113,smoteNN,False,1
282,282,umap,,"(3174, 2)","(684, 2)",naive,0.5,0.6915,0.8176,0.0,smoteNN,True,1
283,283,umap,,"(3174, 2)","(684, 2)",MLP,0.9354,0.5015,0.4825,0.0074,smoteNN,True,1
284,284,umap,,"(3174, 2)","(684, 2)",logisticRegression,0.7451,0.4781,0.4847,0.108,smoteNN,True,1
285,285,umap,,"(3174, 2)","(684, 2)",decisionTree,0.9767,0.5775,0.5994,-0.0735,smoteNN,True,1
286,286,umap,,"(3174, 2)","(684, 2)",randomForest,0.9745,0.5146,0.4962,0.0149,smoteNN,True,1
287,287,umap,,"(3174, 2)","(684, 2)",xgb,0.9729,0.5789,0.5711,0.0553,smoteNN,True,1
288,288,umap,,"(2082, 2)","(684, 2)",naive,0.5,0.6915,0.8176,0.0,smoteTomek,False,1
289,289,umap,,"(2082, 2)","(684, 2)",MLP,0.72,0.6111,0.6354,-0.0008,smoteTomek,False,1
290,290,umap,,"(2082, 2)","(684, 2)",logisticRegression,0.5898,0.5205,0.5282,-0.1574,smoteTomek,False,1
291,291,umap,,"(2082, 2)","(684, 2)",decisionTree,0.8064,0.636,0.6639,0.048,smoteTomek,False,1
292,292,umap,,"(2082, 2)","(684, 2)",randomForest,0.8261,0.6506,0.7239,-0.0214,smoteTomek,False,1
293,293,umap,,"(2082, 2)","(684, 2)",xgb,0.8405,0.6857,0.765,0.0564,smoteTomek,False,1
294,294,umap,,"(6246, 2)","(684, 2)",naive,0.5,0.6915,0.8176,0.0,smoteTomek,True,1
295,295,umap,,"(6246, 2)","(684, 2)",MLP,0.8002,0.4693,0.4509,-0.0203,smoteTomek,True,1
296,296,umap,,"(6246, 2)","(684, 2)",logisticRegression,0.6848,0.5146,0.5173,-0.1498,smoteTomek,True,1
297,297,umap,,"(6246, 2)","(684, 2)",decisionTree,0.9464,0.5029,0.4928,-0.1097,smoteTomek,True,1
298,298,umap,,"(6246, 2)","(684, 2)",randomForest,0.9459,0.4971,0.4906,-0.1457,smoteTomek,True,1
299,299,umap,,"(6246, 2)","(684, 2)",xgb,0.8974,0.5029,0.4981,-0.1411,smoteTomek,True,1
300,300,umap,oneW,"(638, 2)","(226, 2)",naive,0.5,0.6549,0.7914,0.0,smote,False,1
301,301,umap,oneW,"(638, 2)","(226, 2)",MLP,0.6034,0.6549,0.7914,0.0,smote,False,1
302,302,umap,oneW,"(638, 2)","(226, 2)",logisticRegression,0.5815,0.6327,0.6694,0.0849,smote,False,1
303,303,umap,oneW,"(638, 2)","(226, 2)",decisionTree,0.6395,0.6018,0.6309,0.0309,smote,False,1
304,304,umap,oneW,"(638, 2)","(226, 2)",randomForest,0.848,0.4204,0.4631,0.0273,smote,False,1
305,305,umap,oneW,"(638, 2)","(226, 2)",xgb,0.7821,0.4159,0.4176,-0.0606,smote,False,1
306,306,umap,oneW,"(1914, 2)","(226, 2)",naive,0.5,0.6549,0.7914,0.0,smote,True,1
307,307,umap,oneW,"(1914, 2)","(226, 2)",MLP,0.7273,0.6549,0.6733,0.1766,smote,True,1
308,308,umap,oneW,"(1914, 2)","(226, 2)",logisticRegression,0.5141,0.5044,0.4972,-0.0578,smote,True,1
309,309,umap,oneW,"(1914, 2)","(226, 2)",decisionTree,0.9216,0.6239,0.6475,0.0938,smote,True,1
310,310,umap,oneW,"(1914, 2)","(226, 2)",randomForest,0.9127,0.5841,0.6116,-0.0055,smote,True,1
311,311,umap,oneW,"(1914, 2)","(226, 2)",xgb,0.883,0.6195,0.6696,0.0286,smote,True,1
312,312,umap,oneW,"(192, 2)","(226, 2)",naive,0.5,0.6549,0.7914,0.0,editNN,False,1
313,313,umap,oneW,"(192, 2)","(226, 2)",MLP,0.5625,0.615,0.6262,0.1078,editNN,False,1
314,314,umap,oneW,"(192, 2)","(226, 2)",logisticRegression,0.5,0.6549,0.7914,0.0,editNN,False,1
315,315,umap,oneW,"(192, 2)","(226, 2)",decisionTree,0.7031,0.4602,0.4668,0.0342,editNN,False,1
316,316,umap,oneW,"(192, 2)","(226, 2)",randomForest,0.8281,0.5133,0.5075,0.089,editNN,False,1
317,317,umap,oneW,"(192, 2)","(226, 2)",xgb,0.9167,0.5575,0.5468,0.1027,editNN,False,1
318,318,umap,oneW,"(576, 2)","(226, 2)",naive,0.5,0.6549,0.7914,0.0,editNN,True,1
319,319,umap,oneW,"(576, 2)","(226, 2)",MLP,0.7292,0.6018,0.5976,0.1399,editNN,True,1
320,320,umap,oneW,"(576, 2)","(226, 2)",logisticRegression,0.5868,0.677,0.7041,0.206,editNN,True,1
321,321,umap,oneW,"(576, 2)","(226, 2)",decisionTree,0.9132,0.6549,0.7835,0.0079,editNN,True,1
322,322,umap,oneW,"(576, 2)","(226, 2)",randomForest,0.9184,0.6327,0.7139,0.0105,editNN,True,1
323,323,umap,oneW,"(576, 2)","(226, 2)",xgb,0.9427,0.6018,0.6625,-0.031,editNN,True,1
324,324,umap,oneW,"(360, 2)","(226, 2)",naive,0.5,0.6549,0.7914,0.0,tomkLink,False,1
325,325,umap,oneW,"(360, 2)","(226, 2)",MLP,0.6028,0.4779,0.5091,0.1137,tomkLink,False,1
326,326,umap,oneW,"(360, 2)","(226, 2)",logisticRegression,0.5306,0.4425,0.4994,0.0834,tomkLink,False,1
327,327,umap,oneW,"(360, 2)","(226, 2)",decisionTree,0.8083,0.4823,0.4914,0.0805,tomkLink,False,1
328,328,umap,oneW,"(360, 2)","(226, 2)",randomForest,0.75,0.5088,0.5174,0.1277,tomkLink,False,1
329,329,umap,oneW,"(360, 2)","(226, 2)",xgb,0.9028,0.5487,0.541,0.142,tomkLink,False,1
330,330,umap,oneW,"(1080, 2)","(226, 2)",naive,0.5,0.6549,0.7914,0.0,tomkLink,True,1
331,331,umap,oneW,"(1080, 2)","(226, 2)",MLP,0.7222,0.4956,0.4896,0.0558,tomkLink,True,1
332,332,umap,oneW,"(1080, 2)","(226, 2)",logisticRegression,0.5963,0.6018,0.6309,0.0309,tomkLink,True,1
333,333,umap,oneW,"(1080, 2)","(226, 2)",decisionTree,0.875,0.4912,0.5039,0.105,tomkLink,True,1
334,334,umap,oneW,"(1080, 2)","(226, 2)",randomForest,0.8574,0.4381,0.4732,0.0483,tomkLink,True,1
335,335,umap,oneW,"(1080, 2)","(226, 2)",xgb,0.7852,0.4381,0.4373,-0.0281,tomkLink,True,1
336,336,umap,oneW,"(166, 2)","(226, 2)",naive,0.5,0.6549,0.7914,0.0,smoteNN,False,1
337,337,umap,oneW,"(166, 2)","(226, 2)",MLP,0.5,0.3451,0.5132,0.0,smoteNN,False,1
338,338,umap,oneW,"(166, 2)","(226, 2)",logisticRegression,0.5241,0.6549,0.7914,0.0,smoteNN,False,1
339,339,umap,oneW,"(166, 2)","(226, 2)",decisionTree,0.6687,0.6549,0.7914,0.0,smoteNN,False,1
340,340,umap,oneW,"(166, 2)","(226, 2)",randomForest,0.8554,0.6549,0.7914,0.0,smoteNN,False,1
341,341,umap,oneW,"(166, 2)","(226, 2)",xgb,0.9699,0.6549,0.7914,0.0,smoteNN,False,1
342,342,umap,oneW,"(498, 2)","(226, 2)",naive,0.5,0.6549,0.7914,0.0,smoteNN,True,1
343,343,umap,oneW,"(498, 2)","(226, 2)",MLP,0.8072,0.5398,0.5385,-0.0119,smoteNN,True,1
344,344,umap,oneW,"(498, 2)","(226, 2)",logisticRegression,0.7871,0.4735,0.4649,0.0016,smoteNN,True,1
345,345,umap,oneW,"(498, 2)","(226, 2)",decisionTree,0.9538,0.5708,0.59,-0.0141,smoteNN,True,1
346,346,umap,oneW,"(498, 2)","(226, 2)",randomForest,0.9518,0.5177,0.517,-0.0637,smoteNN,True,1
347,347,umap,oneW,"(498, 2)","(226, 2)",xgb,0.9759,0.5708,0.6037,-0.048,smoteNN,True,1
348,348,umap,oneW,"(552, 2)","(226, 2)",naive,0.5,0.6549,0.7914,0.0,smoteTomek,False,1
349,349,umap,oneW,"(552, 2)","(226, 2)",MLP,0.538,0.6549,0.7914,0.0,smoteTomek,False,1
350,350,umap,oneW,"(552, 2)","(226, 2)",logisticRegression,0.5616,0.4646,0.5041,0.1016,smoteTomek,False,1
351,351,umap,oneW,"(552, 2)","(226, 2)",decisionTree,0.6413,0.469,0.5008,0.0986,smoteTomek,False,1
352,352,umap,oneW,"(552, 2)","(226, 2)",randomForest,0.837,0.3451,0.4647,-0.0302,smoteTomek,False,1
353,353,umap,oneW,"(552, 2)","(226, 2)",xgb,0.7826,0.3717,0.4446,-0.0237,smoteTomek,False,1
354,354,umap,oneW,"(1656, 2)","(226, 2)",naive,0.5,0.6549,0.7914,0.0,smoteTomek,True,1
355,355,umap,oneW,"(1656, 2)","(226, 2)",MLP,0.7325,0.4912,0.4982,0.0918,smoteTomek,True,1
356,356,umap,oneW,"(1656, 2)","(226, 2)",logisticRegression,0.6824,0.4912,0.4982,0.0918,smoteTomek,True,1
357,357,umap,oneW,"(1656, 2)","(226, 2)",decisionTree,0.9233,0.4071,0.4231,-0.0404,smoteTomek,True,1
358,358,umap,oneW,"(1656, 2)","(226, 2)",randomForest,0.93,0.4425,0.4359,-0.0435,smoteTomek,True,1
359,359,umap,oneW,"(1656, 2)","(226, 2)",xgb,0.9058,0.5221,0.5156,0.1009,smoteTomek,True,1
360,360,pca_umap,,"(2184, 2)","(684, 2)",naive,0.5,0.6915,0.8176,0.0,smote,False,1
361,361,pca_umap,,"(2184, 2)","(684, 2)",MLP,0.7024,0.4912,0.4724,0.0015,smote,False,1
362,362,pca_umap,,"(2184, 2)","(684, 2)",logisticRegression,0.6094,0.6316,0.6394,0.1035,smote,False,1
363,363,pca_umap,,"(2184, 2)","(684, 2)",decisionTree,0.8672,0.5526,0.5439,-0.0013,smote,False,1
364,364,pca_umap,,"(2184, 2)","(684, 2)",randomForest,0.8581,0.5556,0.539,0.0855,smote,False,1
365,365,pca_umap,,"(2184, 2)","(684, 2)",xgb,0.8196,0.5307,0.5149,0.0057,smote,False,1
366,366,pca_umap,,"(6552, 2)","(684, 2)",naive,0.5,0.6915,0.8176,0.0,smote,True,1
367,367,pca_umap,,"(6552, 2)","(684, 2)",MLP,0.801,0.5146,0.4964,0.0411,smote,True,1
368,368,pca_umap,,"(6552, 2)","(684, 2)",logisticRegression,0.6941,0.4693,0.4582,0.0318,smote,True,1
369,369,pca_umap,,"(6552, 2)","(684, 2)",decisionTree,0.9373,0.5453,0.5292,0.048,smote,True,1
370,370,pca_umap,,"(6552, 2)","(684, 2)",randomForest,0.942,0.5102,0.4916,0.0138,smote,True,1
371,371,pca_umap,,"(6552, 2)","(684, 2)",xgb,0.8767,0.4956,0.4828,-0.1081,smote,True,1
372,372,pca_umap,,"(1044, 2)","(684, 2)",naive,0.5,0.6915,0.8176,0.0,editNN,False,1
373,373,pca_umap,,"(1044, 2)","(684, 2)",MLP,0.8688,0.2968,0.2879,-0.2572,editNN,False,1
374,374,pca_umap,,"(1044, 2)","(684, 2)",logisticRegression,0.8084,0.3275,0.3193,-0.2011,editNN,False,1
375,375,pca_umap,,"(1044, 2)","(684, 2)",decisionTree,0.886,0.3392,0.3311,-0.1802,editNN,False,1
376,376,pca_umap,,"(1044, 2)","(684, 2)",randomForest,0.8956,0.2909,0.3153,-0.178,editNN,False,1
377,377,pca_umap,,"(1044, 2)","(684, 2)",xgb,0.8946,0.2924,0.3161,-0.1767,editNN,False,1
378,378,pca_umap,,"(3132, 2)","(684, 2)",naive,0.5,0.6915,0.8176,0.0,editNN,True,1
379,379,pca_umap,,"(3132, 2)","(684, 2)",MLP,0.9058,0.5102,0.5005,-0.0948,editNN,True,1
380,380,pca_umap,,"(3132, 2)","(684, 2)",logisticRegression,0.6376,0.5775,0.5698,0.0508,editNN,True,1
381,381,pca_umap,,"(3132, 2)","(684, 2)",decisionTree,0.9314,0.5512,0.6046,-0.2239,editNN,True,1
382,382,pca_umap,,"(3132, 2)","(684, 2)",randomForest,0.9537,0.5731,0.6372,-0.1951,editNN,True,1
383,383,pca_umap,,"(3132, 2)","(684, 2)",xgb,0.9444,0.6067,0.6549,-0.0757,editNN,True,1
384,384,pca_umap,,"(1044, 2)","(684, 2)",naive,0.5,0.6915,0.8176,0.0,tomkLink,False,1
385,385,pca_umap,,"(1044, 2)","(684, 2)",MLP,0.7557,0.4576,0.4427,-0.1828,tomkLink,False,1
386,386,pca_umap,,"(1044, 2)","(684, 2)",logisticRegression,0.6801,0.5117,0.4937,0.0437,tomkLink,False,1
387,387,pca_umap,,"(1044, 2)","(684, 2)",decisionTree,0.8228,0.5789,0.5994,-0.0652,tomkLink,False,1
388,388,pca_umap,,"(1044, 2)","(684, 2)",randomForest,0.842,0.5322,0.5322,-0.0966,tomkLink,False,1
389,389,pca_umap,,"(1044, 2)","(684, 2)",xgb,0.8113,0.5307,0.535,-0.1191,tomkLink,False,1
390,390,pca_umap,,"(3132, 2)","(684, 2)",naive,0.5,0.6915,0.8176,0.0,tomkLink,True,1
391,391,pca_umap,,"(3132, 2)","(684, 2)",MLP,0.8059,0.4444,0.4622,0.0744,tomkLink,True,1
392,392,pca_umap,,"(3132, 2)","(684, 2)",logisticRegression,0.6606,0.4357,0.4213,-0.0434,tomkLink,True,1
393,393,pca_umap,,"(3132, 2)","(684, 2)",decisionTree,0.9151,0.4693,0.4522,-0.0073,tomkLink,True,1
394,394,pca_umap,,"(3132, 2)","(684, 2)",randomForest,0.9189,0.4576,0.4652,0.0748,tomkLink,True,1
395,395,pca_umap,,"(3132, 2)","(684, 2)",xgb,0.8911,0.405,0.4199,0.0003,tomkLink,True,1
396,396,pca_umap,,"(1058, 2)","(684, 2)",naive,0.5,0.6915,0.8176,0.0,smoteNN,False,1
397,397,pca_umap,,"(1058, 2)","(684, 2)",MLP,0.8828,0.6199,0.6658,-0.0381,smoteNN,False,1
398,398,pca_umap,,"(1058, 2)","(684, 2)",logisticRegression,0.7297,0.4883,0.4779,-0.1424,smoteNN,False,1
399,399,pca_umap,,"(1058, 2)","(684, 2)",decisionTree,0.9263,0.6959,0.7718,0.0887,smoteNN,False,1
400,400,pca_umap,,"(1058, 2)","(684, 2)",randomForest,0.949,0.6901,0.7806,0.0488,smoteNN,False,1
401,401,pca_umap,,"(1058, 2)","(684, 2)",xgb,0.9518,0.6082,0.675,-0.1144,smoteNN,False,1
402,402,pca_umap,,"(3174, 2)","(684, 2)",naive,0.5,0.6915,0.8176,0.0,smoteNN,True,1
403,403,pca_umap,,"(3174, 2)","(684, 2)",MLP,0.9282,0.5614,0.5492,0.0447,smoteNN,True,1
404,404,pca_umap,,"(3174, 2)","(684, 2)",logisticRegression,0.6014,0.5804,0.57,0.076,smoteNN,True,1
405,405,pca_umap,,"(3174, 2)","(684, 2)",decisionTree,0.9751,0.5365,0.5251,-0.0206,smoteNN,True,1
406,406,pca_umap,,"(3174, 2)","(684, 2)",randomForest,0.9754,0.5965,0.6087,0.0046,smoteNN,True,1
407,407,pca_umap,,"(3174, 2)","(684, 2)",xgb,0.9707,0.5424,0.5533,-0.1181,smoteNN,True,1
408,408,pca_umap,,"(2082, 2)","(684, 2)",naive,0.5,0.6915,0.8176,0.0,smoteTomek,False,1
409,409,pca_umap,,"(2082, 2)","(684, 2)",MLP,0.7334,0.5439,0.5464,-0.0805,smoteTomek,False,1
410,410,pca_umap,,"(2082, 2)","(684, 2)",logisticRegression,0.5624,0.5263,0.5148,-0.0445,smoteTomek,False,1
411,411,pca_umap,,"(2082, 2)","(684, 2)",decisionTree,0.8242,0.5746,0.6038,-0.1029,smoteTomek,False,1
412,412,pca_umap,,"(2082, 2)","(684, 2)",randomForest,0.8612,0.5863,0.6262,-0.1046,smoteTomek,False,1
413,413,pca_umap,,"(2082, 2)","(684, 2)",xgb,0.8223,0.5775,0.611,-0.1081,smoteTomek,False,1
414,414,pca_umap,,"(6246, 2)","(684, 2)",naive,0.5,0.6915,0.8176,0.0,smoteTomek,True,1
415,415,pca_umap,,"(6246, 2)","(684, 2)",MLP,0.8061,0.4152,0.405,-0.0571,smoteTomek,True,1
416,416,pca_umap,,"(6246, 2)","(684, 2)",logisticRegression,0.7499,0.4854,0.4662,-0.0589,smoteTomek,True,1
417,417,pca_umap,,"(6246, 2)","(684, 2)",decisionTree,0.9395,0.5365,0.5357,-0.082,smoteTomek,True,1
418,418,pca_umap,,"(6246, 2)","(684, 2)",randomForest,0.9382,0.4547,0.4339,-0.0956,smoteTomek,True,1
419,419,pca_umap,,"(6246, 2)","(684, 2)",xgb,0.889,0.4635,0.4455,-0.0249,smoteTomek,True,1
420,420,pca_umap,oneW,"(638, 2)","(226, 2)",naive,0.5,0.6549,0.7914,0.0,smote,False,1
421,421,pca_umap,oneW,"(638, 2)","(226, 2)",MLP,0.605,0.5133,0.5393,-0.1612,smote,False,1
422,422,pca_umap,oneW,"(638, 2)","(226, 2)",logisticRegression,0.5643,0.5265,0.5563,-0.1408,smote,False,1
423,423,pca_umap,oneW,"(638, 2)","(226, 2)",decisionTree,0.7665,0.4513,0.4415,-0.1576,smote,False,1
424,424,pca_umap,oneW,"(638, 2)","(226, 2)",randomForest,0.8213,0.4381,0.4268,-0.1754,smote,False,1
425,425,pca_umap,oneW,"(638, 2)","(226, 2)",xgb,0.8777,0.4336,0.4227,-0.1881,smote,False,1
426,426,pca_umap,oneW,"(1914, 2)","(226, 2)",naive,0.5,0.6549,0.7914,0.0,smote,True,1
427,427,pca_umap,oneW,"(1914, 2)","(226, 2)",MLP,0.7597,0.6283,0.64,0.1358,smote,True,1
428,428,pca_umap,oneW,"(1914, 2)","(226, 2)",logisticRegression,0.6014,0.5841,0.6174,-0.019,smote,True,1
429,429,pca_umap,oneW,"(1914, 2)","(226, 2)",decisionTree,0.9154,0.6239,0.6681,0.0499,smote,True,1
430,430,pca_umap,oneW,"(1914, 2)","(226, 2)",randomForest,0.908,0.6283,0.7028,0.0096,smote,True,1
431,431,pca_umap,oneW,"(1914, 2)","(226, 2)",xgb,0.8736,0.6195,0.6957,-0.014,smote,True,1
432,432,pca_umap,oneW,"(192, 2)","(226, 2)",naive,0.5,0.6549,0.7914,0.0,editNN,False,1
433,433,pca_umap,oneW,"(192, 2)","(226, 2)",MLP,0.5052,0.5531,0.5731,-0.0559,editNN,False,1
434,434,pca_umap,oneW,"(192, 2)","(226, 2)",logisticRegression,0.5,0.4912,0.4933,0.0783,editNN,False,1
435,435,pca_umap,oneW,"(192, 2)","(226, 2)",decisionTree,0.7552,0.5487,0.5379,0.1095,editNN,False,1
436,436,pca_umap,oneW,"(192, 2)","(226, 2)",randomForest,0.8073,0.6195,0.6473,0.0739,editNN,False,1
437,437,pca_umap,oneW,"(192, 2)","(226, 2)",xgb,0.7865,0.6106,0.6229,0.0947,editNN,False,1
438,438,pca_umap,oneW,"(576, 2)","(226, 2)",naive,0.5,0.6549,0.7914,0.0,editNN,True,1
439,439,pca_umap,oneW,"(576, 2)","(226, 2)",MLP,0.783,0.5664,0.5628,0.0579,editNN,True,1
440,440,pca_umap,oneW,"(576, 2)","(226, 2)",logisticRegression,0.5434,0.6372,0.6544,0.14,editNN,True,1
441,441,pca_umap,oneW,"(576, 2)","(226, 2)",decisionTree,0.9306,0.4956,0.4918,0.0654,editNN,True,1
442,442,pca_umap,oneW,"(576, 2)","(226, 2)",randomForest,0.9306,0.4115,0.4421,-0.006,editNN,True,1
443,443,pca_umap,oneW,"(576, 2)","(226, 2)",xgb,0.9462,0.5,0.5037,0.0988,editNN,True,1
444,444,pca_umap,oneW,"(360, 2)","(226, 2)",naive,0.5,0.6549,0.7914,0.0,tomkLink,False,1
445,445,pca_umap,oneW,"(360, 2)","(226, 2)",MLP,0.6028,0.6327,0.7193,0.0032,tomkLink,False,1
446,446,pca_umap,oneW,"(360, 2)","(226, 2)",logisticRegression,0.5917,0.6549,0.7914,0.0,tomkLink,False,1
447,447,pca_umap,oneW,"(360, 2)","(226, 2)",decisionTree,0.7111,0.6549,0.7914,0.0,tomkLink,False,1
448,448,pca_umap,oneW,"(360, 2)","(226, 2)",randomForest,0.8028,0.6327,0.7437,-0.0274,tomkLink,False,1
449,449,pca_umap,oneW,"(360, 2)","(226, 2)",xgb,0.7639,0.6327,0.7139,0.0105,tomkLink,False,1
450,450,pca_umap,oneW,"(1080, 2)","(226, 2)",naive,0.5,0.6549,0.7914,0.0,tomkLink,True,1
451,451,pca_umap,oneW,"(1080, 2)","(226, 2)",MLP,0.7306,0.531,0.5481,-0.0975,tomkLink,True,1
452,452,pca_umap,oneW,"(1080, 2)","(226, 2)",logisticRegression,0.6602,0.4159,0.4294,-0.0298,tomkLink,True,1
453,453,pca_umap,oneW,"(1080, 2)","(226, 2)",decisionTree,0.9056,0.5885,0.5829,0.119,tomkLink,True,1
454,454,pca_umap,oneW,"(1080, 2)","(226, 2)",randomForest,0.8926,0.5885,0.5829,0.119,tomkLink,True,1
455,455,pca_umap,oneW,"(1080, 2)","(226, 2)",xgb,0.8981,0.5221,0.5107,0.0572,tomkLink,True,1
456,456,pca_umap,oneW,"(166, 2)","(226, 2)",naive,0.5,0.6549,0.7914,0.0,smoteNN,False,1
457,457,pca_umap,oneW,"(166, 2)","(226, 2)",MLP,0.5783,0.3894,0.4059,-0.0715,smoteNN,False,1
458,458,pca_umap,oneW,"(166, 2)","(226, 2)",logisticRegression,0.5843,0.469,0.4579,-0.0254,smoteNN,False,1
459,459,pca_umap,oneW,"(166, 2)","(226, 2)",decisionTree,0.5843,0.4823,0.4878,0.0715,smoteNN,False,1
460,460,pca_umap,oneW,"(166, 2)","(226, 2)",randomForest,0.8434,0.5619,0.5656,0.016,smoteNN,False,1
461,461,pca_umap,oneW,"(166, 2)","(226, 2)",xgb,0.9337,0.5796,0.5817,0.0615,smoteNN,False,1
462,462,pca_umap,oneW,"(498, 2)","(226, 2)",naive,0.5,0.6549,0.7914,0.0,smoteNN,True,1
463,463,pca_umap,oneW,"(498, 2)","(226, 2)",MLP,0.8092,0.5088,0.514,0.1191,smoteNN,True,1
464,464,pca_umap,oneW,"(498, 2)","(226, 2)",logisticRegression,0.6727,0.6416,0.7208,0.0344,smoteNN,True,1
465,465,pca_umap,oneW,"(498, 2)","(226, 2)",decisionTree,0.9639,0.4735,0.4827,0.0648,smoteNN,True,1
466,466,pca_umap,oneW,"(498, 2)","(226, 2)",randomForest,0.9639,0.4248,0.5002,0.0711,smoteNN,True,1
467,467,pca_umap,oneW,"(498, 2)","(226, 2)",xgb,0.9799,0.4602,0.4925,0.0836,smoteNN,True,1
468,468,pca_umap,oneW,"(552, 2)","(226, 2)",naive,0.5,0.6549,0.7914,0.0,smoteTomek,False,1
469,469,pca_umap,oneW,"(552, 2)","(226, 2)",MLP,0.6395,0.5265,0.53,0.1467,smoteTomek,False,1
470,470,pca_umap,oneW,"(552, 2)","(226, 2)",logisticRegression,0.6014,0.4867,0.5097,0.1164,smoteTomek,False,1
471,471,pca_umap,oneW,"(552, 2)","(226, 2)",decisionTree,0.8424,0.4558,0.4523,-0.0058,smoteTomek,False,1
472,472,pca_umap,oneW,"(552, 2)","(226, 2)",randomForest,0.8478,0.4115,0.4337,-0.0204,smoteTomek,False,1
473,473,pca_umap,oneW,"(552, 2)","(226, 2)",xgb,0.8931,0.4204,0.4349,-0.0196,smoteTomek,False,1
474,474,pca_umap,oneW,"(1656, 2)","(226, 2)",naive,0.5,0.6549,0.7914,0.0,smoteTomek,True,1
475,475,pca_umap,oneW,"(1656, 2)","(226, 2)",MLP,0.814,0.5177,0.542,-0.1469,smoteTomek,True,1
476,476,pca_umap,oneW,"(1656, 2)","(226, 2)",logisticRegression,0.5876,0.5177,0.542,-0.1469,smoteTomek,True,1
477,477,pca_umap,oneW,"(1656, 2)","(226, 2)",decisionTree,0.9342,0.3673,0.3586,-0.3546,smoteTomek,True,1
478,478,pca_umap,oneW,"(1656, 2)","(226, 2)",randomForest,0.945,0.3584,0.3485,-0.3655,smoteTomek,True,1
479,479,pca_umap,oneW,"(1656, 2)","(226, 2)",xgb,0.9167,0.5177,0.542,-0.1469,smoteTomek,True,1
